{
    "accuracy": 0.742393509127789,
    "precision": 0.7532163742690059,
    "recall": 0.8829981718464351,
    "auc": 0.7805372571327663
}
