{
    "accuracy": 0.7389162561576355,
    "precision": 0.7464572960551513,
    "recall": 0.8907678244972578,
    "auc": 0.7841040021075152
}
