{
    "accuracy": 0.7383367139959433,
    "precision": 0.7472104655636783,
    "recall": 0.8875685557586838,
    "auc": 0.7853745181736992
}
